Abélia;Tricigli;Felfújható gitár;Túrapalack;Latte kanál;Pöttyös rózsaszín papírszalvéta;Kétütemű motoros villanytargonca
Abiáta;Led lámpa;Partiarc Szemcsi;Bambusz golyóstoll;Fém szívószál készlet;Sátor;Szám csillagszóró
Abigél;Karabiner kulcstartó;Natúr fa doboz peremes;Túrapalack;Gombász kés;Hátizsák;Varrógép
Ada;Fa bortarttó;Tejhabverő;Svájci bicska;Orvosi szájmaszk;Örökrózya búrában;Benzines öngyújtó
Adala;Kávé díszítő sablonok;Zseblámpa;Zseblámpa;Pöttyös rózsaszín papírszalvéta;Led lámpa;Papírtányér
Adalberta;Duracell AA elem;Hátizsák;Pálinkát hoztál lábtörlő;Partiarc Szemcsi;Örökrózya búrában;Örökrózya búrában
Adalbertina;Világító színes lufi;Led lámpa;Bambusz golyóstoll;Fa bortarttó;Világító színes lufi;Natúr fa doboz peremes
Adalind;Söröskorsó lufi;Világító színes lufi;Duracell AA elem;Karabiner kulcstartó;Karabiner kulcstartó;Sátor
Adaora;Fém laposüveg;Partiarc Szemcsi;Sátor;Csokimikulás;Bohóc álarc;Fém laposüveg
Adél;Benzines öngyújtó;Pálinkát hoztál lábtörlő;Fém szívószál készlet;Pálinkát hoztál lábtörlő;Kétütemű motoros villanytargonca;Zseblámpa
Adela;Fanyelű sörnyitó;Benzines öngyújtó;Tricigli;Fa bortarttó;Kétütemű motoros villanytargonca;Hátizsák
Adéla;Zseblámpa;Karabiner kulcstartó;Sátor;Fa karácsonyfadísz;Partiarc Szemcsi;Gombász kés
Adelaida;Bohóc álarc;Fém laposüveg;Tricigli;Fém szívószál készlet;Pálinkát hoztál lábtörlő;Pálinkát hoztál lábtörlő
Adelgund;Led lámpa;Tricigli;Fém laposüveg;Latte kanál;Örökrózya búrában;Natúr fa doboz peremes
Albert;Pult csengő;Latte kanál;Sátor;Csokimikulás;Bohóc álarc;Tejhabverő
Alma;Szám csillagszóró;Varrógép;Túrapalack;Latte kanál;Zseblámpa;Gombász kés
Almanda;Világító színes lufi;Led lámpa;Varrógép;Natúr fa doboz peremes;Szám csillagszóró;Hátizsák
Almira;Karabiner kulcstartó;Orvosi szájmaszk;Bambusz golyóstoll;Fa karácsonyfadísz;Csokimikulás;Plexi karácsonyfadísz
Almiréna;Söröskorsó lufi;Esküvői ültetőkártya;Led lámpa;Bohóc álarc;Felfújható gitár;Fém szívószál készlet
Almitra;Fém szívószál készlet;Plexi karácsonyfadísz;Bambusz golyóstoll;Natúr fa doboz peremes;Világító színes lufi;Benzines öngyújtó
Aloé;Zseblámpa;Fanyelű sörnyitó;Szám csillagszóró;Orvosi szájmaszk;Duracell AA elem;Esküvői ültetőkártya
Alojzia;Vágódeszka;Zseblámpa;Tricigli;Pult csengő;Pult csengő;Papírtányér
Aloma;Pult csengő;Tejhabverő;Szám csillagszóró;Szám csillagszóró;Bambusz golyóstoll;Bohóc álarc
Alóma;Pöttyös rózsaszín papírszalvéta;Gombász kés;Duracell AA elem;Csokimikulás;Fa bortarttó;Hátizsák
Altea;Varrógép;Bambusz golyóstoll;Zseblámpa;Papírtányér;Kávé díszítő sablonok;Bambusz golyóstoll
Alvina;Pálinkát hoztál lábtörlő;Duracell AA elem;Kávé díszítő sablonok;Gombász kés;Led lámpa;Szám csillagszóró
Ama;Kávé díszítő sablonok;Fanyelű sörnyitó;Pult csengő;Led lámpa;Pálinkát hoztál lábtörlő;Szám csillagszóró
Amábel;Hátizsák;Tricigli;Bambusz golyóstoll;Fém laposüveg;Duracell AA elem;Tricigli
Amadea;Esküvői ültetőkártya;Bohóc álarc;Fanyelű sörnyitó;Esküvői ültetőkártya;Vágódeszka;Gombász kés
Amadil;Bambusz golyóstoll;Karabiner kulcstartó;Pálinkát hoztál lábtörlő;Szám csillagszóró;Partiarc Szemcsi;Fa bortarttó
Amaja;Fém iránytű;Csokimikulás;Led lámpa;Világító színes lufi;Bögre;Fém iránytű
Ámája;Gombász kés;Csokimikulás;Kávé díszítő sablonok;Tricigli;Benzines öngyújtó;Tricigli
Amál;Duracell AA elem;Vágódeszka;Gombász kés;Gombász kés;Fém laposüveg;Plexi karácsonyfadísz
Amália;Plexi karácsonyfadísz;Fa karácsonyfadísz;Duracell AA elem;Karabiner kulcstartó;Kávé díszítő sablonok;Fa karácsonyfadísz
Amana;Karabiner kulcstartó;Svájci bicska;Led lámpa;Fa karácsonyfadísz;Benzines öngyújtó;Gombász kés
Amanda;Fa karácsonyfadísz;Partiarc Szemcsi;Fém iránytű;Bögre;Fém szívószál készlet;Varrógép
Amandina;Fa bortarttó;Fanyelű sörnyitó;Fém laposüveg;Kétütemű motoros villanytargonca;Led lámpa;Gombász kés
Amara;Bohóc álarc;Duracell AA elem;Csokimikulás;Benzines öngyújtó;Bohóc álarc;Örökrózya búrában
Amarant;Karabiner kulcstartó;Plexi karácsonyfadísz;Örökrózya búrában;Pult csengő;Papírtányér;Bohóc álarc
Amaranta;Tricigli;Hátizsák;Benzines öngyújtó;Felfújható gitár;Örökrózya búrában;Söröskorsó lufi
Amarill;Natúr fa doboz peremes;Világító színes lufi;Pálinkát hoztál lábtörlő;Bohóc álarc;Pöttyös rózsaszín papírszalvéta;Bambusz golyóstoll
Amarilla;Plexi karácsonyfadísz;Svájci bicska;Hátizsák;Plexi karácsonyfadísz;Söröskorsó lufi;Latte kanál
Amarillisz;Fém iránytű;Tejhabverő;Led lámpa;Fa bortarttó;Bambusz golyóstoll;Felfújható gitár
Amáta;Fém laposüveg;Világító színes lufi;Duracell AA elem;Varrógép;Kávé díszítő sablonok;Svájci bicska
Amázia;Plexi karácsonyfadísz;Pálinkát hoztál lábtörlő;Bögre;Fém laposüveg;Zseblámpa;Vágódeszka
Ambrózia;Natúr fa doboz peremes;Fém iránytű;Zseblámpa;Karabiner kulcstartó;Bohóc álarc;Pöttyös rózsaszín papírszalvéta
Amelda;Sátor;Sátor;Karabiner kulcstartó;Partiarc Szemcsi;Túrapalack;Bögre
Ameli;Bohóc álarc;Világító színes lufi;Duracell AA elem;Duracell AA elem;Kétütemű motoros villanytargonca;Sátor
Amélia;Szám csillagszóró;Fém szívószál készlet;Pöttyös rózsaszín papírszalvéta;Fém iránytű;Fém laposüveg;Világító színes lufi
Amelita;Söröskorsó lufi;Fanyelű sörnyitó;Orvosi szájmaszk;Benzines öngyújtó;Karabiner kulcstartó;Sátor
Bekény;Pálinkát hoztál lábtörlő;Pult csengő;Fa bortarttó;Benzines öngyújtó;Söröskorsó lufi;Partiarc Szemcsi
Bekes;Felfújható gitár;Pult csengő;Karabiner kulcstartó;Szám csillagszóró;Zseblámpa;Fém iránytű
Békés;Bambusz golyóstoll;Fanyelű sörnyitó;Pálinkát hoztál lábtörlő;Fém szívószál készlet;Söröskorsó lufi;Bohóc álarc
Bekő;Svájci bicska;Fém laposüveg;Tejhabverő;Sátor;Kávé díszítő sablonok;Partiarc Szemcsi
Béla;Fanyelű sörnyitó;Plexi karácsonyfadísz;Tricigli;Felfújható gitár;Túrapalack;Hátizsák
Belár;Gombász kés;Natúr fa doboz peremes;Fa karácsonyfadísz;Pöttyös rózsaszín papírszalvéta;Hátizsák;Vágódeszka
Belián;Szám csillagszóró;Papírtányér;Duracell AA elem;Fém szívószál készlet;Natúr fa doboz peremes;Zseblámpa
Belizár;Duracell AA elem;Pult csengő;Szám csillagszóró;Papírtányér;Pálinkát hoztál lábtörlő;Pöttyös rózsaszín papírszalvéta
Ben;Gombász kés;Bambusz golyóstoll;Led lámpa;Karabiner kulcstartó;Plexi karácsonyfadísz;Sátor
Benája;Hátizsák;Gombász kés;Fa bortarttó;Vágódeszka;Varrógép;Fém szívószál készlet
Benammi;Fa karácsonyfadísz;Túrapalack;Fém szívószál készlet;Varrógép;Pöttyös rózsaszín papírszalvéta;Esküvői ültetőkártya
Bence;Bambusz golyóstoll;Felfújható gitár;Zseblámpa;Orvosi szájmaszk;Svájci bicska;Felfújható gitár
Bende;Sátor;Pálinkát hoztál lábtörlő;Benzines öngyújtó;Gombász kés;Fa bortarttó;Vágódeszka
Bendegúz;Benzines öngyújtó;Szám csillagszóró;Örökrózya búrában;Fanyelű sörnyitó;Bögre;Pöttyös rózsaszín papírszalvéta
Bendit;Zseblámpa;Örökrózya búrában;Bambusz golyóstoll;Fém laposüveg;Bögre;Led lámpa
Bene;Benzines öngyújtó;Bambusz golyóstoll;Pult csengő;Fém iránytű;Pöttyös rózsaszín papírszalvéta;Partiarc Szemcsi
Benedek;Fa karácsonyfadísz;Hátizsák;Túrapalack;Zseblámpa;Tejhabverő;Led lámpa
Benedikt;Bögre;Fém laposüveg;Világító színes lufi;Svájci bicska;Szám csillagszóró;Gombász kés
Benediktusz;Szám csillagszóró;Világító színes lufi;Papírtányér;Fém laposüveg;Led lámpa;Felfújható gitár
Benett;Pult csengő;Vágódeszka;Örökrózya búrában;Fém szívószál készlet;Gombász kés;Csokimikulás
Béni;Gombász kés;Csokimikulás;Pöttyös rózsaszín papírszalvéta;Fa karácsonyfadísz;Pálinkát hoztál lábtörlő;Bögre
Beniel;Örökrózya búrában;Latte kanál;Pálinkát hoztál lábtörlő;Csokimikulás;Natúr fa doboz peremes;Fém szívószál készlet
Benignusz;Karabiner kulcstartó;Bohóc álarc;Benzines öngyújtó;Fém iránytű;Világító színes lufi;Vágódeszka
Benitó;Led lámpa;Felfújható gitár;Söröskorsó lufi;Szám csillagszóró;Varrógép;Plexi karácsonyfadísz
Benjamin;Felfújható gitár;Svájci bicska;Fém iránytű;Benzines öngyújtó;Bögre;Fa bortarttó
Benjámin;Kávé díszítő sablonok;Kávé díszítő sablonok;Söröskorsó lufi;Varrógép;Kétütemű motoros villanytargonca;Fa karácsonyfadísz
Dénes;Bohóc álarc;Duracell AA elem;Tejhabverő;Fa karácsonyfadísz;Fanyelű sörnyitó;Világító színes lufi
Dengezik;Pult csengő;Zseblámpa;Fém szívószál készlet;Fém szívószál készlet;Pult csengő;Natúr fa doboz peremes
Denisz;Pálinkát hoztál lábtörlő;Bambusz golyóstoll;Fém iránytű;Tricigli;Benzines öngyújtó;Csokimikulás
Denton;Szám csillagszóró;Felfújható gitár;Tejhabverő;Natúr fa doboz peremes;Örökrózya búrában;Bögre
Deodát;Zseblámpa;Kétütemű motoros villanytargonca;Fém szívószál készlet;Esküvői ültetőkártya;Pult csengő;Fanyelű sörnyitó
Derek;Csokimikulás;Karabiner kulcstartó;Pálinkát hoztál lábtörlő;Szám csillagszóró;Led lámpa;Túrapalack
Derel;Varrógép;Sátor;Hátizsák;Svájci bicska;Natúr fa doboz peremes;Pöttyös rózsaszín papírszalvéta
Ders;Pálinkát hoztál lábtörlő;Papírtányér;Duracell AA elem;Pöttyös rózsaszín papírszalvéta;Bambusz golyóstoll;Szám csillagszóró
Derzs;Plexi karácsonyfadísz;Varrógép;Pult csengő;Csokimikulás;Kétütemű motoros villanytargonca;Pöttyös rózsaszín papírszalvéta
Dés;Sátor;Gombász kés;Led lámpa;Pöttyös rózsaszín papírszalvéta;Fanyelű sörnyitó;Tricigli
Detre;Vágódeszka;Kétütemű motoros villanytargonca;Fanyelű sörnyitó;Fa karácsonyfadísz;Kávé díszítő sablonok;Fa bortarttó
Dévald;Szám csillagszóró;Felfújható gitár;Varrógép;Orvosi szájmaszk;Söröskorsó lufi;Fa karácsonyfadísz
Devecser;Fa bortarttó;Fém iránytű;Vágódeszka;Pöttyös rózsaszín papírszalvéta;Gombász kés;Bögre
Dexter;Tejhabverő;Orvosi szájmaszk;Kétütemű motoros villanytargonca;Hátizsák;Tricigli;Bögre
Dezmér;Felfújható gitár;Kávé díszítő sablonok;Partiarc Szemcsi;Pult csengő;Felfújható gitár;Sátor
Dezsér;Led lámpa;Söröskorsó lufi;Felfújható gitár;Partiarc Szemcsi;Partiarc Szemcsi;Orvosi szájmaszk
Dezsider;Tejhabverő;Pult csengő;Söröskorsó lufi;Bambusz golyóstoll;Vágódeszka;Felfújható gitár
Dezső;Latte kanál;Benzines öngyújtó;Fa karácsonyfadísz;Kétütemű motoros villanytargonca;Pálinkát hoztál lábtörlő;Bögre
Diaz;Pöttyös rózsaszín papírszalvéta;Felfújható gitár;Benzines öngyújtó;Pálinkát hoztál lábtörlő;Csokimikulás;Natúr fa doboz peremes
Diegó;Plexi karácsonyfadísz;Kávé díszítő sablonok;Bögre;Fanyelű sörnyitó;Benzines öngyújtó;Felfújható gitár
Dienes;Gombász kés;Söröskorsó lufi;Led lámpa;Fanyelű sörnyitó;Világító színes lufi;Partiarc Szemcsi
Dijár;Vágódeszka;Szám csillagszóró;Söröskorsó lufi;Pálinkát hoztál lábtörlő;Karabiner kulcstartó;Zseblámpa
Dilen;Gombász kés;Túrapalack;Duracell AA elem;Esküvői ültetőkártya;Pálinkát hoztál lábtörlő;Világító színes lufi
Dilon;Duracell AA elem;Fanyelű sörnyitó;Hátizsák;Plexi karácsonyfadísz;Bambusz golyóstoll;Világító színes lufi
Dimitri;Karabiner kulcstartó;Bögre;Világító színes lufi;Varrógép;Tejhabverő;Pöttyös rózsaszín papírszalvéta
Dimitrij;Led lámpa;Kétütemű motoros villanytargonca;Latte kanál;Gombász kés;Fém iránytű;Csokimikulás
Flóra;Felfújható gitár;Gombász kés;Bohóc álarc;Vágódeszka;Bögre;Natúr fa doboz peremes
Floransz;Csokimikulás;Tricigli;Led lámpa;Partiarc Szemcsi;Tejhabverő;Orvosi szájmaszk
Florencia;Örökrózya búrában;Felfújható gitár;Örökrózya búrában;Fa karácsonyfadísz;Bambusz golyóstoll;Pálinkát hoztál lábtörlő
Florentina;Led lámpa;Pálinkát hoztál lábtörlő;Benzines öngyújtó;Kávé díszítő sablonok;Vágódeszka;Benzines öngyújtó
Florianna;Latte kanál;Papírtányér;Pöttyös rózsaszín papírszalvéta;Fém laposüveg;Pöttyös rózsaszín papírszalvéta;Fa bortarttó
Florica;Varrógép;Söröskorsó lufi;Plexi karácsonyfadísz;Bohóc álarc;Fanyelű sörnyitó;Világító színes lufi
Florina;Natúr fa doboz peremes;Bögre;Hátizsák;Pult csengő;Csokimikulás;Pálinkát hoztál lábtörlő
Florinda;Szám csillagszóró;Pöttyös rózsaszín papírszalvéta;Esküvői ültetőkártya;Túrapalack;Tricigli;Felfújható gitár
Fortuna;Benzines öngyújtó;Bambusz golyóstoll;Örökrózya búrában;Orvosi szájmaszk;Pöttyös rózsaszín papírszalvéta;Latte kanál
Fortunáta;Latte kanál;Gombász kés;Sátor;Pult csengő;Papírtányér;Zseblámpa
Főbe;Fém laposüveg;Latte kanál;Pöttyös rózsaszín papírszalvéta;Fém laposüveg;Fa karácsonyfadísz;Fém iránytű
Franciska;Gombász kés;Natúr fa doboz peremes;Led lámpa;Fém iránytű;Varrógép;Bohóc álarc
Frangipáni;Tejhabverő;Pálinkát hoztál lábtörlő;Bambusz golyóstoll;Túrapalack;Fa karácsonyfadísz;Bögre
Franka;Varrógép;Latte kanál;Fanyelű sörnyitó;Fa bortarttó;Vágódeszka;Bögre
Franni;Bögre;Partiarc Szemcsi;Zseblámpa;Fa karácsonyfadísz;Led lámpa;Fém iránytű
Freja;Tricigli;Karabiner kulcstartó;Pöttyös rózsaszín papírszalvéta;Zseblámpa;Pöttyös rózsaszín papírszalvéta;Söröskorsó lufi
Frézia;Pálinkát hoztál lábtörlő;Söröskorsó lufi;Fanyelű sörnyitó;Partiarc Szemcsi;Pálinkát hoztál lábtörlő;Vágódeszka
Frida;Túrapalack;Fa bortarttó;Natúr fa doboz peremes;Papírtányér;Csokimikulás;Túrapalack
Friderika;Zseblámpa;Söröskorsó lufi;Tejhabverő;Esküvői ültetőkártya;Bögre;Latte kanál
Fruzsina;Zseblámpa;Sátor;Tejhabverő;Fa bortarttó;Fa bortarttó;Bambusz golyóstoll
Fulvia;Svájci bicska;Fém laposüveg;Duracell AA elem;Tejhabverő;Latte kanál;Natúr fa doboz peremes
Fürtike;Partiarc Szemcsi;Bambusz golyóstoll;Bögre;Pálinkát hoztál lábtörlő;Fanyelű sörnyitó;Kétütemű motoros villanytargonca
Füzér;Fanyelű sörnyitó;Sátor;Plexi karácsonyfadísz;Vágódeszka;Tejhabverő;Kétütemű motoros villanytargonca
Füzike;Plexi karácsonyfadísz;Bambusz golyóstoll;Tricigli;Orvosi szájmaszk;Fém szívószál készlet;Szám csillagszóró
Gabriella;Vágódeszka;Fém iránytű;Tejhabverő;Fa bortarttó;Natúr fa doboz peremes;Zseblámpa
Gaia;Pult csengő;Fa bortarttó;Varrógép;Orvosi szájmaszk;Varrógép;Latte kanál
Gajána;Túrapalack;Fém szívószál készlet;Zseblámpa;Söröskorsó lufi;Duracell AA elem;Vágódeszka
Gala;Fa bortarttó;Benzines öngyújtó;Fanyelű sörnyitó;Világító színes lufi;Pöttyös rózsaszín papírszalvéta;Szám csillagszóró
Galamb;Örökrózya búrában;Plexi karácsonyfadísz;Svájci bicska;Fa bortarttó;Bambusz golyóstoll;Gombász kés
Galatea;Bögre;Bohóc álarc;Bögre;Fém iránytű;Szám csillagszóró;Pálinkát hoztál lábtörlő
Gália;Szám csillagszóró;Orvosi szájmaszk;Orvosi szájmaszk;Vágódeszka;Duracell AA elem;Pult csengő
Galina;Fém szívószál készlet;Szám csillagszóró;Fém szívószál készlet;Fém szívószál készlet;Pöttyös rózsaszín papírszalvéta;Tricigli
Ganka;Sátor;Fém laposüveg;Esküvői ültetőkártya;Varrógép;Söröskorsó lufi;Söröskorsó lufi
Gardénia;Pöttyös rózsaszín papírszalvéta;Fa bortarttó;Svájci bicska;Felfújható gitár;Szám csillagszóró;Svájci bicska
Gauri;Karabiner kulcstartó;Led lámpa;Plexi karácsonyfadísz;Fém szívószál készlet;Túrapalack;Szám csillagszóró
Géda;Benzines öngyújtó;Esküvői ültetőkártya;Benzines öngyújtó;Natúr fa doboz peremes;Duracell AA elem;Hátizsák
Géla;Bohóc álarc;Bögre;Csokimikulás;Fém szívószál készlet;Kétütemű motoros villanytargonca;Fa karácsonyfadísz
Gemella;Örökrózya búrában;Svájci bicska;Söröskorsó lufi;Örökrózya búrában;Vágódeszka;Pöttyös rózsaszín papírszalvéta
Gemma;Bambusz golyóstoll;Varrógép;Fém laposüveg;Bambusz golyóstoll;Fanyelű sörnyitó;Pult csengő
Génia;Karabiner kulcstartó;Tejhabverő;Gombász kés;Partiarc Szemcsi;Partiarc Szemcsi;Örökrózya búrában
Genovéva;Bögre;Latte kanál;Zseblámpa;Fanyelű sörnyitó;Papírtányér;Hátizsák
Georgina;Orvosi szájmaszk;Pöttyös rózsaszín papírszalvéta;Söröskorsó lufi;Fa karácsonyfadísz;Kétütemű motoros villanytargonca;Led lámpa
Gerbera;Hátizsák;Vágódeszka;Söröskorsó lufi;Csokimikulás;Világító színes lufi;Fém laposüveg
Gerda;Duracell AA elem;Túrapalack;Latte kanál;Fém laposüveg;Svájci bicska;Vágódeszka
Gerle;Tejhabverő;Fém szívószál készlet;Esküvői ültetőkártya;Partiarc Szemcsi;Orvosi szájmaszk;Fém iránytű
Gerti;Pöttyös rózsaszín papírszalvéta;Partiarc Szemcsi;Fém laposüveg;Partiarc Szemcsi;Esküvői ültetőkártya;Karabiner kulcstartó
Gertrúd;Benzines öngyújtó;Fém szívószál készlet;Tricigli;Csokimikulás;Fém iránytű;Vágódeszka
Jefte;Világító színes lufi;Bögre;Felfújható gitár;Szám csillagszóró;Pult csengő;Tricigli
Jelek;Orvosi szájmaszk;Fanyelű sörnyitó;Örökrózya búrában;Bohóc álarc;Benzines öngyújtó;Pálinkát hoztál lábtörlő
Jeles;Tricigli;Örökrózya búrában;Fa karácsonyfadísz;Fa bortarttó;Hátizsák;Örökrózya búrában
Jenő;Natúr fa doboz peremes;Bohóc álarc;Túrapalack;Fém laposüveg;Papírtányér;Örökrózya búrában
Jeremi;Hátizsák;Hátizsák;Pöttyös rózsaszín papírszalvéta;Vágódeszka;Karabiner kulcstartó;Esküvői ültetőkártya
Jeremiás;Svájci bicska;Karabiner kulcstartó;Gombász kés;Pult csengő;Túrapalack;Karabiner kulcstartó
Jermák;Plexi karácsonyfadísz;Kétütemű motoros villanytargonca;Latte kanál;Natúr fa doboz peremes;Kétütemű motoros villanytargonca;Fém laposüveg
Jernő;Sátor;Gombász kés;Szám csillagszóró;Vágódeszka;Kétütemű motoros villanytargonca;Szám csillagszóró
Jeromos;Benzines öngyújtó;Szám csillagszóró;Felfújható gitár;Partiarc Szemcsi;Fa karácsonyfadísz;Fém iránytű
Jetró;Sátor;Plexi karácsonyfadísz;Csokimikulás;Tricigli;Fa bortarttó;Fém laposüveg
Joáb;Kétütemű motoros villanytargonca;Fém iránytű;Gombász kés;Zseblámpa;Pálinkát hoztál lábtörlő;Söröskorsó lufi
Joachim;Latte kanál;Tricigli;Vágódeszka;Benzines öngyújtó;Pult csengő;Tejhabverő
Joáhim;Felfújható gitár;Bögre;Tricigli;Karabiner kulcstartó;Örökrózya búrában;Fém szívószál készlet
Joakim;Felfújható gitár;Varrógép;Kétütemű motoros villanytargonca;Led lámpa;Bambusz golyóstoll;Vágódeszka
Joákim;Bambusz golyóstoll;Svájci bicska;Pálinkát hoztál lábtörlő;Fa karácsonyfadísz;Szám csillagszóró;Papírtányér
Jób;Fanyelű sörnyitó;Vágódeszka;Csokimikulás;Fa bortarttó;Söröskorsó lufi;Csokimikulás
Joel;Fém szívószál készlet;Pálinkát hoztál lábtörlő;Duracell AA elem;Szám csillagszóró;Varrógép;Tricigli
Jóel;Bohóc álarc;Svájci bicska;Hátizsák;Sátor;Túrapalack;Kávé díszítő sablonok
Johanán;Svájci bicska;Söröskorsó lufi;Szám csillagszóró;Szám csillagszóró;Benzines öngyújtó;Gombász kés
Jónás;Örökrózya búrában;Esküvői ültetőkártya;Tricigli;Duracell AA elem;Fanyelű sörnyitó;Benzines öngyújtó
Jonatán;Fém szívószál készlet;Karabiner kulcstartó;Tricigli;Orvosi szájmaszk;Csokimikulás;Sátor
